query	label
Как рассчитать налоговый вычет при покупке квартиры?	0
Как использовать калькулятор расчета отпускных?	0
Где найти калькулятор расчета декретных выплат?	0
Как рассчитать компенсацию за неиспользованный отпуск?	0
Какой калькулятор использовать для расчета пособия по уходу за ребенком?	0
Как рассчитать средний заработок для центра занятости?	0
Где найти калькулятор расчета командировочных?	0
Как рассчитать налог на имущество физических лиц?	0
Какой калькулятор использовать для расчета транспортного налога?	0
Как рассчитать земельный налог?	0
Где найти калькулятор расчета пенсионных баллов?	0
Как рассчитать страховой стаж?	0
Какой калькулятор использовать для расчета больничного по беременности и родам?	0
Как рассчитать алименты от зарплаты?	0
Где найти калькулятор расчета процентов по ст. 395 ГК РФ?	0
Как рассчитать госпошлину в суд?	0
Какой калькулятор использовать для расчета УСН?	0
Как рассчитать ЕНВД?	0
Где найти калькулятор расчета патентной системы налогообложения?	0
Как рассчитать НДС?	0
Какой калькулятор использовать для расчета пени за просрочку платежа?	0
Как рассчитать неустойку по договору?	0
Где найти калькулятор расчета процентов по договору займа?	0
Как рассчитать налог при продаже автомобиля?	0
Какой калькулятор использовать для расчета налога при продаже недвижимости?	0
Как рассчитать страховые взносы для ИП?	0
Где найти калькулятор расчета больничного листа с учетом стажа?	0
Как рассчитать налоговую базу по НДФЛ?	0
Какой калькулятор использовать для расчета отпуска при неполном рабочем дне?	0
Как рассчитать компенсацию за задержку зарплаты?	0
Где найти калькулятор расчета процентов по депозиту?	0
Как рассчитать налог на профессиональный доход?	0
Какой калькулятор использовать для расчета пособия по временной нетрудоспособности?	0
Как рассчитать налоговую нагрузку предприятия?	0
Где найти калькулятор расчета амортизации основных средств?	0
Как рассчитать налог при УСН доходы минус расходы?	0
Какой калькулятор использовать для расчета среднесписочной численности?	0
Как рассчитать налоговую базу по налогу на прибыль?	0
Где найти калькулятор расчета процентов по кредиту?	0
Как рассчитать пени по страховым взносам?	0
Какой калькулятор использовать для расчета компенсации при увольнении?	0
Как рассчитать налоговый вычет на детей?	0
Где найти калькулятор расчета больничного по уходу за ребенком?	0
Как рассчитать налог на самозанятых?	0
Какой калькулятор использовать для расчета процентов по микрозайму?	0
Как рассчитать налоговую базу по земельному налогу?	0
Где найти калькулятор расчета пенсионных отчислений?	0
Как рассчитать НДФЛ с материальной выгоды?	0
Какой калькулятор использовать для расчета процентов по ключевой ставке ЦБ?	0
Как рассчитать налог при дарении имущества?	0
Где найти калькулятор расчета больничного при травме?	0
Как рассчитать налоговый вычет за обучение?	0
Какой калькулятор использовать для расчета налога на роскошь?	0
Как рассчитать компенсацию морального вреда?	0
Где найти калькулятор расчета процентов по договору поставки?	0
Как рассчитать налоговую базу по акцизам?	0
Какой калькулятор использовать для расчета отпускных при сменном графике?	0
Как рассчитать пособие по сокращению штата?	0
Где найти калькулятор расчета процентов по договору подряда?	0
Как рассчитать налог на игорный бизнес?	0
Какой калькулятор использовать для расчета налога при продаже ценных бумаг?	0
Как рассчитать страховые взносы с больничного листа?	0
Где найти калькулятор расчета процентов по договору аренды?	0
Как рассчитать налоговый вычет за лечение?	0
Какой калькулятор использовать для расчета пени по коммунальным платежам?	0
Как рассчитать налог на имущество организаций?	0
Где найти калькулятор расчета процентов по договору лизинга?	0
Как рассчитать НДФЛ с дивидендов?	0
Какой калькулятор использовать для расчета процентов по векселю?	0
Как рассчитать налоговую базу по водному налогу?	0
Где найти калькулятор расчета процентов по ипотеке?	0
Как рассчитать налоговый вычет за страхование жизни?	0
Какой калькулятор использовать для расчета процентов по договору факторинга?	0
Как рассчитать налог при продаже доли в ООО?	0
Где найти калькулятор расчета процентов по договору цессии?	0
Как рассчитать налоговую базу по экологическому налогу?	0
Какой калькулятор использовать для расчета процентов по договору хранения?	0
Как рассчитать НДФЛ с призов и выигрышей?	0
Где найти калькулятор расчета процентов по договору комиссии?	0
Как рассчитать налог на добычу полезных ископаемых?	0
Какой калькулятор использовать для расчета процентов по договору франчайзинга?	0
Как рассчитать налоговый вычет за благотворительность?	0
Где найти калькулятор расчета процентов по договору поручительства?	0
Как рассчитать налог при продаже патента?	0
формы первичных учетных документов по заработной плате	2
график документооборота 2024	2
как сделать лист изменений к уставу	3
как заполнить уведомление по енп при смене адреса	3
ефс-1	3
изменение адреса организации как сдать ефс-1	3
мчд	3
образец уведомления о заключении трудового договора с иностранцем в 2024 году	2
памятка для ип	2
документ подтверждающий местонахождение зарубежом	2
расчет о суммах доходов выплаченных иностранцам	2
тест для бухгалтера с корреспонденцией счетов	2
образец об отзыве заявления на ввоз товаров	2
договор производства матрасов	2
договор изготовления матрасов	2
договор на изготовление матрасов	2
договор на изготовление	2
навигатор по 6-ндфл.	2
навигатор по 6-ндфл. зарплата за март, выплачена в апреле	2
6-ндфл. зарплата за март, выплачена в апреле	3
календарь	2
заявление на получение материальной помощи родственникам после смерти сотрудника	2
заявление на получение пособия на захоронение	2
календарь бухгалтера	2
производственный календарь на 2024 год	2
производственный календарь на 2025	2
производственный календарь 2025	2
кво книга покупок	2
комплект документов, чтобы перестроить работу бухгалтерии под 2024 год	2
приложение 5 к балансу	2
акт инвентаризации готовой продукции	3
форма инвентаризации кредитов и займов	2
приказ на утверждение итогов инвентаризации	2
новая форма ефс-1	2
договор монтаж оборудования	2
договор монтаж дверей	2
Бланк справка что отец не получал и не будет получать единовременное пособие	2
торг-2	2
уведомления фас об увеличении стоимости	2
памятка по авансовому отчету	2
справка подтверждающая что организация является плательщиком ндс	2
торг-2 количество экземпляров	2
торг-2 у кого должны быть	2
45 счет	3
документы при приеме на работу	2
акт сдачи-приемки объекта в эксплуатацию	2
кс-11	2
чек-лист по воинскому учету.	2
заявление об увольнении. примеры опасных и безопасных формулировок	2
таблица для проверки декларации по налогу на прибыли авансы excel	2
подтверждение полномочий генерального директора	3
справка	2
строка 162 упрощенная	3
строка 162 декларации по упрощенной системе налогообложения	3
договор по уходу с больным с сиделкой	2
договор аренды транспортного средства	2
договор займа	2
декларация по усн код 95 и 96	2
доп соглашение об ндс	2
3-ндфл	2
3-ндфл 1.6.1	3
заявление об возмещении расходов связанные с исполнением договора гпх	2
стаж отчет 2024	3
счет-фактура	2
счет-фактура 2025	2
приказ о трате своих средств в командировке	2
приказ о порядке возмещения в командировке	2
приказ о порядке возмещения работникам денежных средств в командировке	2
материальная выгода калькулятор	0
калькулятор процентов по займам	0
расчет увольнение	0
образец упд	2
чек из ресторана где проводили встречу с контрагентами	2
расчетчик больничный лист	0
калькулятор прогрессивной ставки ндфл	0
должностные инструкции	2
должностные инструкции кладовщика	2
должностные инструкции крановщика	2
положение о бригадной работе	2
положение о бригаде	2
доверенность на получение банковской гарантии	2
доверенность на главного бухгалтера на подпись акта сверки	2
доверенность на главного бухгалтера на подпись упд	2
должностная инструкция заведующего складом	2
письмо контрагенту, который будет оплачивать ваши счета	2
образцы платежек с новыми кбк	2
образец заявления о зачете взаимных требований	2
заявление на увольнение генерального директора	2
заявление на увольнение	2
платежное поручение	2
платежное поручение на командировку	2
положение о служебных командировках работников	2
служебная записка о компенсации расходов на такси (до аэропорта)	2
договор аренды транспортного средства с экипажем у физического лица	2
акт приема-передачи транспортного средства	2
акт приема-передачи транспортного средства по договору аренды	2
исправление в трудовой	3
договор процентного займа	2
нотариальное заверение решений	3
прием на работу фрагмент	2
смена фамилии трудовая книжка	3
запись о переводе	3
договор выполнения работ	2
счет фактура	2
счет фактура и упд в договоре	3
новые образцы счетов-фактур и упд с 1 октября.	3
заявление о перечислении вознаграждения по гпх третьему лицу	2
заявление о переводе заработной платы третьему лицу	2
заявление сотрудника по исполнительному листу	2
путевой лист 2024 форма	2
форма 1-технология	2
справка для родителя	2
вознаграждение по агентскому договору кассовый чек	3
декларация по усн на бумаге	3
увольнение образец	2
увольнение образец трудовой	2
справка для адвоката	2
дополнительное соглашение о переводе в другое подразделение	2
перевод на совместительство запись в трудовой	3
перевод на совместительство	3
пример заполнения промежуточного ликвидационного баланса	2
калькулятор оклада исходя из рабочего времени	0
дистанционный трудовой договор с бухгалтером	2
трудовой договор с главным бухгалтером по совместительству	2
образец приказа на командировку	2
образец платежки пени по страховым взносам на травматизм	2
калькулятор пеней по налогам и взносам	0
справка об оплате за обучение для вычета	2
чек-лист для оплаты счетов	2
чек-лист для оплаты счетов поставщикам	2
чек-лист	2
чек-лист поставщики	2
чек-лист работы с поставщиками	2
расчет о доходах иностранцам составляйте по новой форме: шпаргалки с подсказками и образец	3
оформить положение о дмс	3
должностные инструкции. справочник с образцами	2
справочник счетов и проводок	2
документы при возмещение затрат на личное авто	3
договор пожертвования денежных средств	2
дата акта	3
заявление о замене лет расчетного периода для оплаты больничного	2
подпись авансовых отчетов электронно	3
подписание авансовых отчетов укэп	3
подписание авансовых отчетов электронно	3
подписание авансовых отчетов электронной подписью	3
подписание авансовых отчетов пэп	3
образец графика документооборота в табличной форме	2
уведомление о заключении трудового договора с иностранным гражданином	2
форма 6 по воинскому учету	2
Бланк формы 6 по воинскому учету	2
декларация соут	2
работников новое заявление на выплату зарплаты и пособий	2
ндфл для учетной политики	3
ндфл для учетной политики осно	3
ндфл	3
уведомление по ирс на патент	2
оценочные обязательства по отпускам налоговый учет на конец года	3
сзв-стаж за 2023 год	3
расходы для выполнения работ по гпх	3
ст 136 тк	1
удержания из заработной платы в пояснении в трудовую инспекцию	3
письменные пояснения работодателя об удержаниях из заработной платы	2
производятся следующие виды удержаний из заработной платы	3
уведомление в январе	3
алименты с окончательного расчета со смертью работника	3
индексация алиментов по мрот	3
суточные по дгпх	3
материальная помощь в связи с пожаром	3
6-ндфл 2024	2
законопроекты апреля	3
уход за детьми инвалид	3
оплата работникам при увольнении неиспользованные отгулы за работу в выходные	3
подп. 8 п. 1 ст. 101 закона от 02.10.2007 № 229-фз	1
оплата работы в праздники	3
прогрессивная шкала ндфл	3
бухгалтерская справка-расчет по инвентаризации резерва на оплату отпусков	2
акт инвентаризации оценочных обязательств	2
несвоевременным исполнением налоговых обязательств, перечислением налога на доходы физических лиц	3
пояснение по внутридокументные контрольные соотношения показателей формы расчета по страховым взносам	2
организация выплачивает стипендию студентам, ндфл страховые взносы	3
санаторно курортное лечение директору	3
санаторно курортное лечение директору за счет предприятия	3
материальная помощь в связи с пожаром ндфл	3
статья 178 часть 3	1
положение об инвентаризации резерва отпусков	2
инвентаризация оценочных обязательств	3
инвентаризация оценочных обязательств отпусков	3
инвентаризация неиспользованных дней отпуска	3
инвентаризация неиспользованных дней отпуска в конце года	3
ч. 2 ст. 254 тк рф	1
срок сдачи 6-ндфл 2023 год	3
цели задачи расчетного отдела бухгалтерии	3
нужно ли заполнять уплату ндфл в 6-ндфл	3
можно ли прописать в договоре суточные внештатному исполнителю	3
срок использования дней донорства	3
как оплачивается больничный договорнику по гпх	3
компенсация за задержку выплаты как отразить в отчете 6-ндфл	3
нужно ли удержать с компенсации за задержку выплаты зарплаты исполнительные документы	3
перерасчет после начисления годовой премии	3
как исправить снилс в рсв	3
если маму в отпуске по уходу за ребенком попала в больницу	3
управленческий учет работы с контрагентами	3
как считать праздничные дни при сокращении	3
повышенные ставки ндфл с августа	3
можно ли учесть страховые взносы на санкурлечение в налоге на прибыль	3
налоговая реформа&so	3
вычет нормы гто	3
применение северной надбавки	3
профсоюзные взносы удерживаются	3
с каких выплат удерживаются профвзносы	3
ндфл в 2025	3
резерв на оплату отпусков: проводим инвентаризацию	3
заполнение платежного поручения на енп по требованию налоговой	3
как перечислить ненп в ответ на требование налоговой	3
как перечислить единый налоговый платеж в ответ на требование налоговой	3
срок сдачи уведомления ндфл	3
ставка ндфл зарплата за декабрь выдана в январе	3
натуральный доход ндфл	3
ндфл аренда жилого помещения у физического лица	3
как определяется налоговая база по ндфл	3
как заполнить ефс-1 стаж	3
надо ли сдавать уведомление для енп по госпошлине	3
какие выплаты включать в псв	3
дмс страховые взносы	3
образовательная деятельность тариф страховых взносов	3
другой день отдыха табель	3
другой день отдыха за работу в выходной день табель	3
как будем отдыхать в мае.	3
может ли иностранец быть учредителем ооо	3
что меняется в работе бухгалтера с мая.	3
договор с нерезидентом что предоставить в банк	3
кто платит плату за загрязнение окружающей среды	3
существует ли налог на рекламу	3
налог на рекламу	3
какие документы при передаче кассового аппарата в ремонт	3
передача кассового аппарата в ремонт	3
передача в ремонт	3
передача в ремонт через курьера	3
когда используется транспортная накладная	3
курортный сбор санкт-петербург	3
работница поменяла фамилию	3
нужно ли сзв-тд при смене фамилии	3
ночное время	3
смена фамилии	3
освобождение от ндс адвокат	3
ндс адвокат	3
какой указывать кбк в уведомлении по ндфл по ставке 15%	3
высокий квалифицированный иностранный специалист (вкс)	3
зарплата иностранца	3
зарплата иностранца 750 000 рублей до налогообложения?	3
страховые взносы иностранцы	3
что меняется в работе с июля	3
разделение рабочего дня на части	3
шестидневная рабочая неделя	3
работа по вызову работодателя	3
работа по вызову	3
время отдыха	3
время ожидания вызова	3
работа в выходной день	3
продолжительность еженедельного непрерывного отдыха	3
сверхурочная работа	3
можно ли записать в трудовой договор, что работник может привлекаться к сверхурочной работе	3
оплата сверхурочной работы	3
оплата работы в ночное время	3
доплата за разделение рабочего дня на части	3
что такое фрахтование	3
включается ли в расчет среднего заработка для расчета отпускных период командировки	3
можно ли включить в расходы на усн материальную помощь	3
как заполнить 6-ндфл при смене юридического адреса	3
что меняется в работе бухгалтера с октября	3
как ответить на запрос сфр если в больничном лифте ошибка	3
как ответить на запрос сфр если в больничном листе ошибка	3
отличие декретного отпуска от отпуска по уходу за ребенком	3
как оплачивается продолжение листка нетрудоспособности	3
командировка и выход на работу в один день	3
включается ли доплата за работу в выходные дни в командировке в расчет среднего заработка	3
передоверие	3
о чем работодатель должен уведомлять органы занятости населения	3
какие отчеты нужно сдавать в орган занятости населения	3
организация оплачивает арендную плату за квартиру для работника	3
удержание за зарплаты работника арендной платы	3
удержание за зарплаты работника арендной платы за арендованное жилое помещение	3
доля натурального дохода в заработной плате	3
как подать в сведения о свободных рабочих местах и вакантных должностях	3
ндфл суточные однодневная командировка за границей	3
когда возникает доход по суточным по командировке	3
как оплатить госпошлину в суд	3
работа в выходные дни в командировке	3
доплата за сверхурочную работу при суммированном учете рабочего времени	3
как рассчитать норму рабочего времени при суммированном учете рабочего времени	3
исключается ли отпуск из нормы рабочего времени при суммированном учете рабочего времени	3
исключается ли командировка из нормы рабочего времени при суммированном учете рабочего времени	3
туристический налог регионы	3
суточные если норма установлена в валюте	3
суточные если норма установлена в иностранной валюте	3
работник сам оплатил командировку как возместить	3
график отпусков	3
ндфл иностранный работник	3
какие доходы облагаются ндфл на территории российской федерации	3
налог на доходы физических лиц	3
продажа услуг не облагаемых ндс	3
страновой отчет	3
информационное письмо покупателю о ставке ндс на усн с 2025	3
должна ли иностранная организация сдавать налоговую декларацию по ндс	3
должно ли представительство иностранной организации сдавать налоговую декларацию по ндс	3
работник купил продукцию предприятия со скидкой ндфл	3
натуральный доход страховые взносы	3
доход в натуральной форме страховые взносы	3
доходы в натуральной форме включаются в базу для начисления страховых взносов	3
страховые взносы натуральный доход	3
уведомление по выплате заработной платы высококвалифицированному специалисту	3
расчет пособия по временной нетрудоспособности	3
нужно ли сдавать сведения о стаже на высококвалифицированных иностранных работников	3
как изменятся штрафы за нарушение пдд с 1 января 2025 года	3
как иностранной организации, имеющей несколько обособленных подразделений, сдать налоговую декларацию по налогу на прибыль	3
как иностранной организации сдать налоговую декларацию по налогу на прибыль	3
как отдыхаем в феврале 2025	3
займы между взаимозависимыми лицами	3
если не вернуть займ	3
обязательства по невозвращенному займу	3
должностные инструкции отдел кадров	3
от должника юр	3
маркетплейс	3
как ип изменить или дополнить коды ОКВЭД для ооо	3
как рассчитать и взносы кфх	3
какие отчеты сдает кфх зарегистрированный как юр	3
кфх отчетность	3
Доля вычета прибыль	3
налог на прибыль процент по отраслям	3
лизинг	3
лизинг и договор цессии	3
переуступка лизинга	3
строительство	3
ндфл с дивидендов: правила для 2024 года	3
индексация зарплаты с 1 февраля 2024	3
как ип применять патент	3
как ип применять патент торговля бижутерией	3
бизнес карта	3
оплата за третье лицо взносы, налоги	3
пополнение счета организации с карты учредителя	3
займ между юридическими лицами	3
путевой лист	3
взаимозачет между организациями	3
может ли кфх заниматься деятельностью не относящейся к сельскому хозяйству	3
ип проживает за пределами рф	3
резидент или нерезидент? разбираемся в новом выпуске главблога	3
усн доходы	3
обязательный аудит для ооо	3
срок уплаты усно	3
лизинг включать амортизационные	3
беспроцентный займ	3
беспроцентный займ своему ип	3
услуги консультации	3
форма № торг-2	3
утеря товара	3
утеря товара у продавца	3
усно когда признается доход по реализации без оплаты	3
кто сдает налоговые расчеты доходов, выплаченных иностранным компаниям ?источник	3
пояснения когда ип продал личную квартиру	3
применения 0 ставки ндс	3
как подтвердить нулевую ставку ндс при экспорте в страны еаэс	3
усно 6 процентов для ип	3
усно 6 процентов для ип 2024	3
сроки уплаты усно 2024	3
фиксированные взносы 2024 за себя	3
разблокировать счет	3
продажа товара в кредит через банк	3
пояснение отсутствия документов по требованию	2
налог с выплат иностранным	3
подготовка к допросу	3
выплата бонусов	3
таможенные пошлины и сборы	3
учет ос до 100000	3
выкуп товаров у селлера	3
выкуп товаров у селлера маркетплейсом	3
выкуп товаров маркетплейсом при продаже в страны еаэс	3
ежемесячные авансовые платежи по налогу на прибыль	3
как выбрать ставку по ндс на усн с 2025 года	3
ип на нпд	3
ставка усно белгород	3
как возмещать ндс по ос	3
может ли один человек быть директором в двух организациях	3
прибыль в подразделениях	3
списание дебиторской задолженности	3
списание дебиторской задолженности при ликвидации должника	3
как часто должны делать инвентаризацию расчетов	3
списание кредиторской задолженности в декларации на прибыль	3
пробить чек коррекции	3
если не выбили чек	3
ос продажа с убытком	3
срок полезного использования автомобиля	3
продажа битого автомобиля	3
пояснение к ндс	3
нко отчетность	3
как пояснить ошибку с кодами 1-9 в декларации по ндс	3
какую нулевую отчетность сдает ооо	3
нпд превысил лимит	3
самозанятый превысил лимит	3
нпд	3
изменения в 2025 для ооо	3
как отдыхаем в декабре 2024 года	3
прогноз по ключевой ставке	3
гороскоп 2025	3
сроки выплаты зарплаты за декабрь 2024	3
надо ли индексировать зарплату в связи с повышением мрот	3
какие изменения 2025 года нужно внести в штатное расписание	3
на какую дату индексировать зарплату	3
как скорректировать пвтр на 2025 год	3
как сдать форму 2-тп (отходы)	3
отказ от индексации: как прописать в локальном акте	3
какие последствия могут возникнуть при несвоевременной уплате налогов и взносов	3
Самое важное для собственников бизнеса	3
Самое важное для ип и ооо	3
может ли ип вернуть подоходный налог	3
может ли ип получить вычет на лечение	3
какие изменения для ип и ооо	3
какие изменения для в 2025 году для ип и ооо	3
что полезно знать ип и ооо	3
ваш календарь 2025	3
маркировка рекламы	3
Банки и ип, ооо	3
что нового для ип	3
инструмент для автоматизации процессов в малом бизнесе	3
все для ип и ооо	3
сроки сдачи отчетности за 2023 год в 2024 году	3
исправления в отчете о страховом стаже	3
сроки сдачи и коды периодов для уведомлений по енп в 2024 году	3
сроки сдачи и коды периодов для уведомлений по енп в 2023 году	3
сроки сдачи уведомления за 2023	3
сроки сдачи уведомления за 2023 по налогу на имущество	3
компенсация при сокращении	3
что такое выходное пособие	3
если нет денег на выплату выходного пособия	3
облагаются ли ндс отклонения курса продажи и покупки иностранной валюты	3
облагаются ли ндс проценты по банковским депозитам	3
облагаются ли ндс резервы на отпуска	3
облагаются ли ндс доход от списания резервы на отпуска	3
облагаются ли ндс с дохода от списания резервы на отпуска	3
облагаются ли ндс с прочего дохода при инвентаризации резерва на отпуска	3
облагаются ли ндс сумма резерва на оплату отпусков на избыточную разницу	3
ндс с сумма резерва на оплату отпусков на избыточную разницу	3
международный страховой полис	3
международный страховой полис в командировке	3
страховой полис в командировке	3
компенсация оплаты страхового полиса в командировке	3
облагается ли ндфл компенсация оплаты страхового полиса в командировке	3
облагается ли ндфл с компенсации страхового полиса в командировке	3
облагается ли ндфл затраты на страхового полиса в командировке	3
облагается ли ндфл обязательное страхование	3
облагается ли ндфл обязательное страхование в командировке	3
покупка исключительных прав на товарный знак у иностранной компании	3
покупка нематериального актива у иностранной организации	3
импорт нематериального актива у иностранной организации	3
облагается ли ндс импорт нематериального актива у иностранной организации	3
облагается ли ндс импорт услуг иностранной организации	3
облагается ли ндс импорт, если не проходит таможню	3
облагается ли ндс импорт технической документации	3
облагается ли ндс импорт нематериального актива?	3
материальная выгода по ндфл возвращается. как удерживать налог в 2024 году	3
начислена зарплата за март, выплачена в апреле	3
начислена зарплата за март, выплачена в апреле в 6-ндфл	3
вычеты на детей	3
материальная выгода от экономии на процентах по займу	3
как оплатить больничный во время отпуска	3
сведения в сфр для оплаты больничного	3
срок оплаты ндс по товарам из еаэс	3
зачет ндс с аванса от поставщика	3
зачет ндс с аванса от поставщика без договора	3
должность сотрудника в мчд.	3
учет расходных материалов для выставки	3
зарплата и пособие по нетрудоспособности одновременно.	3
пособие на погребение в связи со смертью сотрудника	3
умер сотрудник	3
пособие на погребение в 2024 году	3
как закрыть больничный после смерти сотрудника	3
обеспечение заявки	3
сзв стаж указывается по всем сотрудникам за 2024	3
ставка по налогу на прибыль 2025	3
суточные на 2025 год	3
размер суточные на 2025 год	3
что должно попасть в уведомление по ндфл с 23 по 31 декабря	3
размеры пособий в 2024 году.	3
как считается материальная выгода от экономии на процентах	3
выручка по договору аренды когда признается	3
расходы по договору аренды когда признается	3
прожиточный минимум санкт-петербург	3
что будет если самозанятый не предоставил чек	3
усн с доходов уменьшается на сумму страховых взносов с превышения	3
нужно ли сдавать приложение 4 к листу 02 за 1 квартал 2024	3
нужно ли сдавать приложение 4 к листу 02 налога на прибыль за 1 квартал 2024	3
штраф за не утвержденную бухгалтерскую отчетность	3
штраф за заключение с оговоркой	3
ключевая ставка.	3
умный график отпусков.	3
уведомления енп 28 декабря	3
правила начисления отпуска	3
изменение списка	3
в чем разница между учетом капвложений	3
какими проводками откорректировать начисление резерва по оплате отпусков	3
форма 0710003 кто заполняет	3
форма 0710003 кто сдает	3
корректировка реализации в сторону уменьшения возникает ли аванс	3
корректировка реализации	3
какой штраф за несвоевременное предоставление сведений по запросу сфр	3
резервы под будущие платежи	3
приложение 5 к балансу как заполнить	3
пояснения. раздел 5 к балансу как заполнить	3
пояснения. к балансу как заполнить	3
остаточная стоимость по земле в налоговом учете	3
земля в налоговом учете	3
модернизация основного средства по фсбу 6/2020	3
модернизация основного средства в налоговом учете	3
взносы на травматизм платите по новым реквизитам	3
как исправить авансовый отчет	3
как исправить авансовый отчет за прошлый год	3
как исправить ошибки авансовый отчет за прошлый год	3
исправление ошибок прошлых лет в авансовом отчете	3
инвентаризация кредитов и займов	3
как рассчитать среднемесячную заработную плату по сотруднику	3
срок уплаты налога на прибыль	3
срок уплаты налога на прибыль за 2023	3
срок уплаты налога на прибыль в 2024	3
инвентаризация товаров	3
инвентаризация готовой продукции	3
инвентаризация готовой продукции при ее отсутствии	3
как оформить расчет резервов отпусков	3
процент взносов c превышения	3
3. допущения, использованные при определении переменных арендных платежей	3
допущения, использованные при определении переменных арендных платежей	3
нематериальные активы как перейти	3
начисление резерва под обесценение	3
как оценить излишки	3
если товар не прослеживаемый какой счет-фактура	3
если товар непрослеживаемый какой счет-фактура	3
уплата налога на имущество за 2023	3
уплата налогов за 2023	3
срок сдачи налога на доходы	3
срок сдачи ндфл	3
как считать надбавку за ученую степень согласно отработанному времени или нет	3
как рассчитать надбавку за ученую степень согласно отработанному времени или нет	3
как рассчитать надбавку за ученую степень	3
надбавка за ученую степень рассчитывается пропорционально отработанному времени или нет	3
сроки оплаты взносов в 2024	3
передача исполнителю оборудования для выполнения договора	3
передача основного средства в пользование	3
передача оборудования с возвратом	3
сроки сдачи отчетности за январь 2024	3
расходы за сведения ЕГРН	3
учет расходы за сведения егрн	3
плата за предоставление информации о зарегистрированных правах	3
расходы за плата за предоставление информации о зарегистрированных правах	3
расходы за выписку ЕГРН	3
в какие сроки работодатель обязан передать сведения по больничному после перерасчета	3
что делать если сфр прислал по выплате оказано фондом	3
сзв-стаж при присоединении	3
налог на землю	3
налог на имущество 2024	3
штрафы за сзв-стаж	3
как подавать сзв-стаж при реорганизации	3
как создать новое юридическое лицо	3
порядок регистрации юридическое лицо	3
6-ндфл срок сдачи	3
6-ндфл штраф	3
6-ндфл административный штраф	3
срочный трудовой договор или договор гпх	3
налоги при гпд	3
сведения о заработной плате	3
получить налоговые вычеты	3
постановление правительство рф 11 02 2017 176	1
постановление 176 11 02 2017	1
распоряжение правительство 04 07 2023 1777 р	1
постановление правительство 30 03 2023 510	1
постановление правительство 176 11 02 2017	1
распоряжение правительство рф 12 11 2020 n 2949 р	1
распоряжение правительство 11 12 2023 3550 р	1
постановление правительство рф 16 09 2020 n 1479	1
постановление правительство рф 16 09 2020 1479	1
постановление правительство рф 14 02 2009 112 ред 21 02 2020	1
постановление правительство рф 12 июнь 2008 год 455	1
постановление правительство рф 11 февраль 2017 n 176	1
постановление правительство рф 03 04 2024 415	1
постановление правительство рф 02 11 2000 841	1
постановление правительство рф 02 08 2019 n 1006	1
постановление правительство российский федерация 11 февраль 2017 176	1
постановление правительство рф 17 февраль 2024 год 181	1
постановление правительство рф 878 10 07 2019	1
постановление правительство рф 29 12 2021 n 2571	1
постановление правительство рф 27 06 2016 584	1
постановление правительство 491 13 08 2006	1
постановление правительство 317 22 11 2006	1
постановление правительство 30 11 1992 919	1
постановление правительство 3 04 2024 417	1
пп рф 29 12 2021 2571	1
постановление 792 12 06 2024	1
постановление 729 02 10 2002	1
пп рф 2464 24 12 2021	1
постановление правительство рф от01 01 2002г 1	1
постановление правительство рф 5 август 2008 583	1
постановление правительство рф 551 17 06 2016	1
постановление правительство рф 27 12 2004 861	1
постановление правительство рф 22 08 2020 1267	1
постановление правительство рф 22 11 2022 2108	1
постановление правительство рф 24 12 2021 2464	1
постановление правительство рф 25 03 1999 329	1
постановление правительство рф 25 03 2015 n 272	1
постановление правительство рф 26 06 1995 г 609	1
постановление правительство рф 272 25 03 2015	1
постановление правительство рф 31 12 2022 n 2559	1
постановление правительство рф 28 04 2007 252	1
постановление правительство рф 28 апрель 2007 n 252	1
постановление правительство рф 29 10 2010 870	1
постановление правительство рф 30 09 2019 1279	1
постановление правительство рф 30 11 2023 г 2056	1
постановление рф 176 11 02 2017	1
правительство российский федерация постановление 28 январь 2019 n 52	1
правительство 01 11 2012 1119	1
постановление правительство рф 20 09 2014 n 963	1
постановление 1006 02 08 2019	1
постановление 135 12 02 2020	1
постановление 878 10 07 2019	1
постановление 176 11 02 2021	1
постановление 176 изменение март 2022	1
постановление 188п 31 03 2017	1
постановление 2189 р 15 08 2024	1
постановление правительство российский федерация 11 02 2017 n 176 редакция постановление правительство рф 13 02 2018 n 155	1
постановление правительство 5 06 2024 766	1
постановление правительство 5129 09 09 2021	1
постановление правительство 570 приложение 31 08 2007	1
постановление правительство 695 23 09 2002	1
постановление правительство российский федерация 10 09 2012 n 908	1
постановление правительство российский федерация 13 октябрь 2008 год 749 пункт 11 абзац 5	1
постановление правительство рф 14 03 2022 366	1
постановление правительство рф 1236 16 11 2015	1
постановление правительство рф 15 07 1999 825	1
постановление правительство рф 10 июль 1999 782	1
постановление правительство рф 16 09 2016 год 925	1
постановление правительство рф 17 02 2024 181	1
постановление правительство рф 17 04 2024 457	1
постановление правительство рф 10 08 2023 1314	1
постановление правительство российский федерация 17 09 2012 n 932	1
постановление правительство российский федерация 17 март 2010 год 156	1
постановление правительство российский федерация 22 октябрь 2014 год 1088	1
постановление правительство рф 1 декабрь 2004 год 712	1
постановление правительство рф 08 08 2013 678	1
постановление правительство 3 04 2024 415	1
постановление правительство 1479 16 09 2020	1
постановление правительство 15 09 2020 1441	1
постановление правительство 16 09 2020 1479	1
постановление правительство 18 09 2024 1490	1
постановление правительство 2 11 2022 2108	1
постановление правительство 22 08 2020 1267	1
постановление правительство 27 11 2006 719	1
распоряжение правительство рф 4 июль 2023 n 1777 р	1
распоряжение правительство рф 15 08 2024 2189 р	1
распоряжение правительство российский федерация 26 май 2005 год 667 р	1
распоряжение правительство 29 02 2016 326 р	1
распоряжение правительство 01 07 2024 1734	1
распоряжение правительство рф 30 06 2015 n 1247 р	1
распоряжение правительство рф 21 03 2016 n 471 р	1
распоряжение правительство рф 2 сентябрь 2022 n 2523 р	1
приложение постановление правительство рф 22 08 2020 1267	1
приложение постановление правительство 570 приложение 31 08 2007	1
распоряжение правительство российский федерация 12 июль 2018 1447 р	1
распоряжение правительство российский федерация 21 март 2016 n 471 р	1
распоряжение правительство рф 04 07 2023 1777 р	1
распоряжение правительство рф 11 12 2023 год 3550 р	1
распоряжение правительство 05 02 2016 164 р	1
распоряжение правительство 923 13 07 2007	1
распоряжение 13 08 2024 2144 р	1
распоряжение 26 06 2024 1636 р	1
утвердить постановление правительство российский федерация 11 февраль 2017 год 176	1
оклад постановление правительство 570 приложение 31 08 2007	1
постановление правительство 1314 10 08 2023	1
постановление правительство 1110 01 07 2021	1
постановление правительство 1034 11 07 2021	1
постановление правительство 103 06 02 2020	1
постановление правительство 01 11 2012 1119	1
постановление правительство 08 08 2012 808	1
постановление правительство 07 10 2019 1289	1
постановление правительство 02 12 1992 924	1
постановление правительство 02 10 2002 729	1
постановление 119 01 11 2012	1
постановление 1479 16 09 2020	1
постановление 1119 01 11 2012	1
постановление 176 11 02 2017 изменение	1
постановление 11 02 2017 176	1
постановление 1006 2 август 2019	1
постановление 176 11 02 217	1
постановление 18 07 2024 1442	1
постановление 1785 19 09 2012	1
постановление 176 25 02 2022 изменение	1
постановление 864 03 07 2018	1
постановление 818 п 29 09 2022	1
постановление 30 05 2024 709	1
постановление 30 03 2023 510	1
постановление 570 приложение 31 08 2020	1
постановление 24 декабрь 2021 n 2464	1
постановление 524 30 05 2012	1
постановление 524 22 10 2024	1
постановление 390 25 04 2012 статус	1
постановление 390 25 04 2012	1
постановление правительство 14 10 2016 1041	1
постановление правительство рф 11 02 2017 г 176	1
постановление правительство рф 10 сентябрь 2019 n 1178	1
постановление правительство рф 10 09 2012 г 908	1
постановление правительство рф 10 07 1999 782	1
постановление правительство рф 1 декабрь 2004 712	1
постановление правительство рф 1156 12 11 2016	1
постановление правительство рф 1431 28 08 2021	1
постановление правительство рф 1425 14 09 2020	1
постановление правительство рф 14 09 2020 1425	1
постановление правительство рф 14 05 2015 466	1
постановление правительство рф 14 03 2022 n 366	1
постановление правительство рф 13 10 2008 749	1
постановление правительство рф 13 05 2022 863	1
постановление правительство рф 13 05 2016 410	1
постановление правительство рф 13 02 2018 n 155 внесение изменение постановление 11 февраль 2017 n 176	1
постановление правительство рф 13 02 2018 155 05 03 2022	1
постановление правительство рф 09 10 2015 1085	1
постановление правительство рф 08 05 2020 642	1
постановление правительство российский федерация 8 февраль 2023 n 176	1
постановление правительство российский федерация 6 май 2008 год 359	1
постановление правительство российский федерация 30 12 2006 852	1
постановление правительство российский федерация 29 октябрь 2002 n 781	1
постановление правительство российский федерация 29 07 2020 1139	1
постановление правительство российский федерация 29 05 11 2006 333	1
постановление правительство российский федерация 27 11 2006 719	1
постановление правительство россия 03 04 2024 417	1
постановление правительство россия 30 май 2024 n 709	1
постановление правительство рф 05 08 2008 583	1
постановление правительство рф 04 06 2014 512	1
постановление правительство рф 03 12 2020 n 2014	1
постановление правительство рф 02 10 2002 729	1
постановление правительство рф 01 11 2012 1119	1
постановление правительство рф 01 10 2020 1586	1
постановление правительство рф 26 07 2010 538	1
постановление правительство рф 26 06 1995 609	1
постановление правительство рф 25 март 2015 n 272	1
постановление правительство рф 25 апрель 2012 390	1
постановление правительство рф 25 04 2012 390	1
постановление правительство рф 22 08 2020 1267 ред 15 06 2024	1
постановление правительство рф 26 июль 2010 n 538	1
постановление правительство рф 29 07 2013 644 изменение 22 05 2020 728	1
постановление правительство рф 30 11 2023 2056	1
постановление правительство рф 30 08 2017 1042	1
постановление правительство рф 30 06 2020 n 961	1
постановление правительство рф 30 04 2020 n 616	1
постановление правительство рф 29 октябрь 2002 год 781	1
постановление правительство рф 29 07 2013 645 ред 30 11 2021	1
постановление правительство рф 29 07 2013 644	1
постановление правительство рф 28 10 2022 1915	1
постановление правительство рф 28 07 2020 1128	1
постановление правительство рф 21 07 2021 1230	1
постановление правительство рф 21 06 1994 218	1
постановление правительство рф 21 02 2022 225	1
постановление правительство рф 17 03 2010 156	1
постановление правительство рф 17 02 2024	1
постановление правительство рф 16 февраль 2008 год 87	1
постановление правительство рф 20 декабрь 2019 n 1732	1
постановление правительство рф 15 09 2008 687	1
постановление правительство рф 15 08 2013 год 706	1
постановление правительство рф 176 11 02 2017	1
постановление правительство рф 176 11 02 2017 г	1
постановление правительство рф 1915 28 10 2022	1
постановление правительство рф 19 04 2012 349	1
постановление правительство рф 18 11 2013 n 1034	1
постановление правительство рф 18 10 2007 684	1
постановление правительство рф 18 08 2008 год 620	1
постановление правительство рф 176 11 02 2017 редакция 05 03 2022	1
постановление правительство 1521 08 09 2021	1
постановление правительство 825 15 07 1999	1
постановление правительство 782 10 07 1999	1
постановление правительство 719 27 11 2006	1
постановление правительство 714 06 05 2023	1
постановление правительство 570 приложение 31 08 2020	1
постановление правительство 1802 20 10 2021	1
постановление правительство 21 февраль 2022 225	1
постановление правительство 21 03 2011 189	1
постановление правительство 21 02 2022 225	1
постановление правительство 1915 28 10 2022	1
постановление правительство 17 02 2024 г	1
постановление правительство 16 сентябрь 2020 1479	1
постановление правительство 1529 09 09 2021	1
постановление правительство 22 12 2011 265	1
постановление правительство 25 04 2024 540	1
постановление правительство 390 25 04 2012	1
постановление правительство 366 14 03 2022	1
постановление правительство 30 09 2021 1661	1
постановление правительство 27 07 2023 835	1
постановление правительство российский федерация 01 12 2004 704	1
постановление правительство российский федерация 11 02 2017 176 c изменение	1
постановление правительство российский федерация 24 12 2007 922	1
постановление правительство российский федерация 20 12 2006 852	1
постановление правительство российский федерация 18 сентябрь 2020 год n 1485	1
постановление правительство российский федерация 16 сентябрь 2020 1479	1
постановление правительство российский федерация 15 апрель 2014 317	1
постановление правительство российский федерация 145 05 03 2007	1
постановление правительство российский федерация 14 май 2015 466	1
постановление правительство российский федерация 11 февраль 2018 год 176	1
постановление правительство российский федерация 11 февраль 2017 год 176	1
поручение правительство рф 15 02 2024 дг п 4 4651	1
постановление правительство рф 30 август 2017 1042	1
постановление правительство рф 31 03 2005 171 изменение дополнение 14 февраль 2009 г 15 апрель 2014	1
пп рф 30 11 2023 2056 дсп	1
пп рф 2056 30 11 2023	1
постановление рф 30 5 2024 709	1
постановление правительство рф n 878 10 07 2019	1
постановление правительство рф 960 10 08 2017	1
постановление правительство рф 922 24 декабрь 2007	1
постановление правительство рф 922 24 12 2007	1
постановление правительство рф 491 13 08 2006	1
постановление правительство рф26 июнь 1995 609	1
правительство рф 04 07 2023 1777 р	1
правительство российский федерация постановление 2 октябрь 2002 n 729	1
правительство российский федерация постановление 11 февраль 2017 год n 176	1
правительство российский федерация 16 сентябрь 2020 год n 1479	1
распоряжение министерство культура рф 2 08 2017 965	1
министерство культура российский федерация распоряжение 2 август 2017 n р 965	1
приказ минкультуры россия 21 10 2020 1256	1
приказ минкультуры россия 17 12 2008 257	1
приказ министерство культура российский федерация 02 06 2021 754	1
приказ министерство культура рф 21 10 2020 1256	1
приказ министерство культура рф 21 10 2020 1257	1
приказ минкультуры рф 30 09 2013 1504	1
министерство культура рф 29 05 2002 10	1
приложение приказ министерство культура рф 14 март 2014 n 426	1
приказ минкультуры россия 29 06 2020 702	1
приказ минкультуры россия 2477 30 12 2014	1
приказ минкультуры рф 14 03 2000 167 13	1
приказ минкультуры рф 28 12 2001 1403	1
приказ минкультуры россия 26 08 2016 1947	1
приказ минкультуры россия 17 12 2020 1628	1
приказ минкультуры 25 05 2006 229	1
приказ минкульт 20 02 2015 277	1
приказ минкульт 21 10 2020 1256	1
приказ минкульт 31 03 2015 526	1
приказ минкультуры 09 07 2015 1944	1
приказ минкультуры 30 12 2014 2478	1
приказ минкультуры россия 17 07 2016 217 01 39 нм	1
приказ минкультуры россия 12 03 2012 164	1
приказ минкультуры россия 14 08 2013 n 1145	1
приказ минкульт 16 11 2015 2800	1
приказ министерство культура 2021 01 12 2017	1
приказ министерство культура 17 09 2015 2429	1
приказ министерство культура 17 12 2008 257	1
приказ министерство культура 1905 06 12 2019	1
приказ министерство культура 25 июнь 2015 год 1840	1
приказ министерство культура 28 12 2024 899	1
приказ министерство культура 526 31 03 2015	1
приказ министерство культура российский федерация 01 октябрь 2018 1685	1
приказ министерство культура российский федерация 25 08 2010 n 558	1
приказ министерство культура россия 28 04 2022 667	1
приказ министерство культура рф 30 12 2015 3453	1
приказ министерство культура рф 17 12 2008 257	1
приказ министерство культура рф 2 июнь 2021 n 754	1
приказ министерство культура рф 30 декабрь 2015 3453	1
приказ мина культура 2400 09 09 2015	1
распоряжение минкультуры россия 23 10 2023 n р 2879	1
распоряжение министерство культура рф 2 август 2017 n р 965	1
распоряжение министерство культура р 2879 23 октябрь 2023 год	1
министерство культура российский федерация приказ 17 декабрь 2015 год n 3119	1
распоряжение минкультуры 23 октябрь 2023 р 2879	1
распоряжение минкультуры россия 03 11 2020 р 1459	1
распоряжение минкультуры россия 16 октябрь 2020 n р 1358	1
распоряжение минкультуры рф 23 октябрь 2023 р 2879	1
распоряжение министерство культура 22 08 2022 17рв	1
распоряжение министерство культура российский федерация 17 06 2022 n р 1347	1
распоряжение министерство культура российский федерация 18 декабрь 2020 n р 1681	1
распоряжение министерство культура российский федерация 23 10 2023 р 2879	1
распоряжение министерство культура рф 18 декабрь 2020 р 1681	1
распоряжение министерство культура рф 29 апрель 2016 n р 547	1
19 октябрь 2000 год 612 приказ министерство культура рф	1
3453 приказ минкультуры рф 30 12 2015	1
действовать приказ министерство культура российский федерация 14 август 2013 1145	1
министерство культура российский федерация приказ 12 март 2012 n 159	1
министерство культура российский федерация приказ 2 июнь 2021 n 754	1
министерство культура российский федерация 17 12 2008 год 257	1
минкультуры россия 28 04 2022 667	1
приказ минкульт рф 30 12 2015 год 3453	1
приказ минкульт рф 30 09 2013 1504	1
приказ минкульт рф 29 06 2020 702	1
приказ минкульт россия 702 29 06 2020	1
приказ минкультуры 975 10 07 2013	1
приказ минкультуры 31 05 2016 1219	1
приказ минкультуры 30 12 2015 3448	1
приказ минкультуры 30 12 2014 2479	1
приказ минкультуры 30 12 2014 247	1
приказ минкультуры 229 25 май 2006	1
приказ минкультуры 20 02 2015 г 277	1
приказ минкультуры рф 30 12 2015 3453	1
приказ минкультуры рф 30 12 2015 3448	1
приказ минкультуры рф 20 06 2003 n 858	1
приказ минкультуры рф 1145 14 08 2013	1
приказ минкультуры рф 11 09 2003 1199	1
приказ минкультуры россия 31 03 2015 526	1
приказ минкультуры россия 30 12 2015 n 3448	1
приказ минкультуры россия 16 11 2015 2800	1
приказ минкультуры россия 14 08 2013 1145	1
приказ минкультуры россия 12 март 2012 год 159	1
приказ минкультуры россия 12 март 2012 год 156	1
приказ минкультуры россия 12 08 2003 1115	1
приказ минкультуры россия 09 09 2015 2400	1
приказ минкультуры россия 08 12 2008 231	1
приказ минкультуры россия 01 09 2011 906	1
приказ минкультуры россия 20 06 2016 1376	1
приказ минкультуры россия 20 06 2016 n 1376	1
приказ минкультуры россия 30 12 2014 n 2478	1
приказ минкультуры россия 29 июнь 2020 год 702	1
приказ минкультуры россия 28 04 2022 667 приказ минкультуры россия 28 04 2022 667	1
приказ минкультуры россия 28 04 2022 667	1
приказ минкультуры россия 277 20 февраль 2015	1
приказ минкультуры россия 26 март 2013 год 279	1
приказ минкультуры россия 22 ноябрь 2016 2542	1
приказ минкультуры россия 22 06 2011 737	1
приказ министерство культура 526	1
приказ министерство культура 29 06 2020 702	1
приказ министерство культура 28 12 2024	1
приказ министерство культура 28 12 2023 899	1
приказ министерство культура 235 31 05 2024	1
приказ министерство культура 763	1
приказ министерство культура 2012 01 12 2017	1
приказ министерство культура 20 12 2023 27 01 07 503	1
приказ министерство культура 17 12 20058 257	1
приказ министерство культура 14 14 26 08 2021	1
приказ министерство культура 14 08 2013 1145	1
приказ министерство культура 754 02 06 2021	1
приказ министерство культура 806 12 май 2014 год	1
приказ министерство культура массовый коммуникация российский федерация 25 май 2006 год 229	1
приказ министерство культура 920	1
приказ министерство культура 920 28 06 2013	1
приказ министерство культура 02 06 2021 754	1
приказ министерство культура рф 920 28 06 2023	1
приказ министерство культура рф 31 05 20216 1216	1
приказ министерство культура рф 30 декабрь 2014 n 2478	1
приказ министерство культура рф 24 июнь 2016 n 1435	1
приказ министерство культура российский федерация 763 05 05 2014	1
приказ министерство культура российский федерация 3 сентябрь 2020 год n 1055	1
приказ министерство культура российский федерация 21 10 2020 1256	1
приказ министерство культура рф 24 декабрь 2008 n 279	1
приказ министерство культура российский федерация 20 09 2024 1810	1
приказ министерство культура российский федерация 11 июнь 2024 1127	1
приказ министерство культура российский федерация	1
приказ министерство культура рф 02 06 2021 754	1
приказ министерство культура рф 09 август 2012 855	1
приказ министерство культура рф 21 октябрь 2020 1256	1
приказ министерство культура рф 20 02 2015 277	1
приказ министерство культура рф 20 02 2008 32	1
приказ министерство культура рф 2 июнь 2021 год 754	1
приказ министерство культура рф 19 октябрь 2000 год 612	1
приказ министерство культура рф 16 ноябрь 2015 n 2803	1
приказ министерство культура рф 16 ноябрь 2015 n 2800	1
приказ министерство культура рф 12 03 2012	1
приказ министерство культура рф 1 сентябрь 2011 n 906	1
приказ мина культура 277 20 02 2015	1
приказ мина культура 2800 16 11 2015	1
ст 92 тк рф	1
ст 8 тк рф	1
ст 72 тк рф	1
ст 151 тк рф	1
ст 108 тк рф	1
ст 101 тк рф	1
ст 101 102 тк рф	1
ст 153 ч 4 тк рф	1
ст 474 гражданский кодекс российский федерация	1
п 3 ч 2 ст 59 тк рф	1
ст 74 тк рф	1
ст 65 тк рф	1
ст 64 1 тк рф	1
ст 373 тк рф	1
ст 97 тк рф	1
ст 86 тк рф	1
ст 125 тк рф	1
ст 153 тк рф	1
ст 139 тк рф	1
ст 263 тк рф	1
ст 173 тк рф	1
ст 178 тк рф	1
ч 3 ст 84 1 тк рф	1
ч 4 ст 153 тк рф	1
ч 3 ст 333 тк рф	1
ч 2 ст 450 гражданский кодекс российский федерация	1
ч 2 ст 57 ст 72 тк рф	1
ч 3 ст 81 тк рф	1
ч 3 ст 115 тк рф	1
ч 6 ст 193 тк рф	1
ст 91 тк рф	1
ст 99 тк рф	1
ст 82 тк рф	1
ст 312 тк рф	1
ст 41 тк рф	1
ст 5 ст 193 гк рф	1
ст 59 тк рф	1
ст 77 тк рф	1
статья 214 2 тк	1
статья 135 тк рф	1
ст 179 тк рф	1
ст 214 тк рф	1
ст 193 тк рф	1
ст 225 тк рф	1
ст 256 тк рф	1
ст 266 тк рф	1
ст 152 тк рф	1
ст 124 тк рф	1
ст 126 тк рф	1
ст 128 тк рф	1
п 2 ст 314 гк рф	1
абз 4 ч 2 ст 57 ч 3 ст 79 тк рф	1
абз 2 ст 228 тк рф	1
ч 1 ст 43 тк рф	1
ч 2 ст 180 тк рф	1
ч 1 ст 93 тк рф	1
ч 1 ст 236 тк рф	1
ч 1 ст 191 тк рф	1
ч 1 ст 166 тк рф	1
часть 1 ст 191 тк рф	1
часть 4 ст 189 тк рф	1
ч 2 ст 57 тк рф	1
ч 4 ст 71 тк рф	1
ч 3 ст 79 тк рф	1
1 ст 193 тк рф	1
4 ч 2 ст 57 ч 3 ст 79 тк рф	1
474 гражданский кодекс российский федерация	1
статья 153 тк рф	1
ст 95 тк рф	1
ст 93 тк рф	1
ст 91 ч 4 тк рф	1
ст 90 тк рф	1
ст 89 тк рф	1
ст 88 тк рф	1
ст 87 тк рф	1
статья 153 трудовой кодекс рф	1
статья 484 гражданский кодекс российский федерация	1
статья 89 тк рф	1
статья 72 1 тк рф	1
ст 134 тк рф	1
ст 132 тк рф	1
ст 127 тк рф	1
ст 177 тк рф	1
ст 176 тк рф	1
ст 175 тк рф	1
ст 174 тк рф	1
ст 168 тк рф	1
ст 162 тк рф	1
ст 124 125 тк рф	1
ст 186 тк рф	1
ст 122 тк рф	1
ст 119 тк рф	1
ст 116 тк рф	1
ст 115 тк рф	1
ст 113 тк рф	1
ст 451 гражданский кодекс российский федерация	1
ст 44 тк рф	1
ст 398 тк рф	1
ст 382 тк рф	1
ст 57 тк рф	1
ст 58 59 тк рф	1
ст 72 1 тк рф	1
ст 66 1 тк рф	1
ст 60 2 тк рф	1
ст 192 193 тк рф	1
ст 223 тк рф	1
ст 217 тк рф	1
ст 319 тк рф	1
ст 193 гк рф	1
ст 192 тк рф	1
ст 312 2 тк рф	1
ст 310 тк рф	1
ст 284 тк рф	1
ст 282 тк рф	1
ст 268 тк рф	1
ст 264 тк рф	1
ст 260 тк рф	1
ст 259 тк рф	1
п 11 ч 1 ст 83 тк рф	1
п 2 ст 425 гражданский кодекс рф	1
п 2 ч 1 ст 81 тр рф	1
п 2 ч 1 ст 81 тк рф	1
фз 02 03 2007 25 фз	1
федеральный закон 94 фз	1
30 12 2001 197 фз	1
54 фз 26 05 1996	1
73 фз 25 06 2002	1
федеральный закон 31 май 1996 61 фз раздел 3	1
федеральный закон 620 19 12 2023	1
федеральный закон 63 фз	1
ст 9 федеральный закон 27 07 2006 152 фз	1
ст 26 фз 89 24 06 1998	1
федеральный закон 27 07 2006 152 фз	1
федеральный закон 24 11 1995 181 фз	1
федеральный закон 28 декабрь 2013 400 фз	1
федеральный закон 421 фз 28 12 2013 г	1
федеральный закон 23 02 2013 15 фз	1
федеральный закон 22 08 1996 125 ф	1
федеральный закон 06 12 2011 г 402 фз	1
федеральный закон 21 12 1994 69 фз	1
федеральный закон 21 07 2014 256 фз	1
фз 12 01 1996 7 фз	1
фз 31 май 1996г 61 фз	1
действовать ли федеральный закон 22 08 1996 125 ф	1
35 фз 06 03 2006	1
27 июль 2006 149 фз	1
27 фз 01 04 1996	1
61 фз 31 05 1996	1
614 фз 19 12 2023	1
620 фз 19 12 2023	1
7 фз 12 01 1996	1
89 фз 24 06 1998	1
19 фз 17 02 2023	1
18 фз 17 02 2023 г	1
17 09 1998 157 фз	1
124 фз 24 07 1998	1
12 фз 14 02 2024	1
фз 28 12 2013 426 фз	1
фз 25 07 2002 114 фз	1
фз 24 07 1998 124 фз	1
фз 12 01 1996 70 фз	1
фз 12 01 1996 14 фз	1
фз рф 06 03 1997 188 фз	1
фз рф 03 11 2006 174 фз	1
фз 35 фз 06 03 2006	1
фз 06 октябрь 2003 131 фз	1
фз 06 03 2006 35 фз	1
федеральный закон рф 25 июль 1998 год 130 фз	1
фз 012 01 1996 7 фз	1
фз рф 06 03 2006 188 фз	1
фз рф 27 06 2006 149	1
фз рф 27 06 2006 149 фз	1
фз рф 27 06 2006 152 фз	1
федеральный закон 16 04 2022 104 фз	1
53 фз 28 03 1998	1
федеральный закон 13 06 2023 256 фз	1
федеральный закон 12 01 1996 7 фз	1
федеральный закон 10 07 2012 n 117 фз	1
федеральный закон 17 август 1995 год 147 фз	1
федеральный закон 17 февраль 2023 19 фз	1
федеральный закон 22 05 2003 n 54 фз	1
федеральный закон 21 07 2014 256 фз ст 36 1	1
федеральный закон 06 03 2006 n 35 фз	1
федеральный закон 06 03 2006 35 фз	1
54 фз 22 05 2003	1
558 фз 27 11 2023	1
фед закон 29 12 2012 г 273 фз	1
57 фз 27 май 1996 год	1
федеральный закон 392 5 12 2018	1
федеральный закон 31 май 1996 61 фз	1
федеральный закон 31 07 2020 248 фз	1
федеральный закон 273 фз 25 12 2008	1
федеральный закон 28 декабрь 2013 год 426 фз	1
федеральный закон 392 фз 5 12 2017	1
федеральный закон 392 фз 5 12 2017 статья 11	1
федеральный закон 392 фз 5 12 2018	1
федеральный закон 8 август 2024 318 фз	1
федеральный закон 73 фз 25 06 2002	1
федеральный закон 7 фз 10 01 2002	1
федеральный закон 620 фз 19 12 2023	1
федеральный закон 54 фз	1
федеральный закон 28 03 1998 53 фз	1
федеральный закон 22 11 1995 171 фз	1
федеральный закон 255 фз	1
федеральный закон 24 июнь 2023 282 фз	1
федеральный закон 24 июль 1998 125 фз	1
федеральный закон 24 07 2009 г 212 фз	1
федеральный закон 24 07 1998 год 124 фз	1
федеральный закон 24 06 2023 282 фз	1
федеральный закон 26 05 1996 54 фз	1
федеральный закон 27 06 2006 153 фз	1
24 06 1998 89 фз	1
31 фз 26 02 1997	1
28 декабрь 2013 426 фз	1
гк 26 01 1996 14 фз	1
ст 17 1 федеральный закон 26 07 2006 n 135 фз	1
ст 23 федеральный закон 26 02 1997 31 фз	1
закон 419 фз 01 12 2014	1
закон 581 фз 12 12 2023	1
закон рф 24 07 1998 124 фз	1
закон 29 12 2012 273 фз	1
журнал регистрация первичный повторный внеплановый целевой инструктаж охрана труд	2
образец журнал тренировка эвакуация пожар чрезвычайный ситуация	2
журнал регистрация инструктаж техника безопасность работник	2
журнал учёт практический тренировка отработка план эвакуация	2
журнал инструктаж охрана труд	2
журнал регистрация инструктаж антитеррористический безопасность	2
журнал инструктаж техника безопасность	2
журнал учёт инструкция охрана труд	2
журнал регистрация проведение инструктаж охрана труд рабочий место	2
журнал учёт протокол обучение охрана труд	2
журнал инструктаж рабочий место	2
журнал учёт инструктаж действие чрезвычайный ситуация	2
журнал вводный инструктаж антитеррористический безопасность	2
журнал регистрация инструктаж антитеррористический защищённость гражданский оборона	2
журнал проведение противопожарный инструктаж	2
образец журнал регистрация проведение противопожарный тренировка	2
журнал регистрация вводный инструктаж охрана труд	2
журнал регистрация вводный инструктаж пожарный безопасность	2
журнал регистрация проведение инструктаж охрана труд первичный заполнить	2
журнал регистрация инструктаж посторонний организация	2
журнал регистрация инструктаж доступность	2
журнал регистрация инструктаж рабочий место	2
журнал проведение инструктаж го чс	2
журнал учёт инструктаж охрана труд	2
журнал учёт инструкция охрана труд работник	2
журнал учёт противопожарный инструктаж	2
журнал учёт противопожарный инструктаж рабочий место	2
журнал инструкция охрана труд работник	2
журнал внеплановый инструктаж охрана труд	2
журнал инструктаж антитеррористический защищённость	2
образец журнал инструктаж пожарный безопасность	2
заполнить журнал учёт выдача инструкция охрана труд	2
журнал регистрация инструктаж обучаться безопасность труд занятие	2
журнал регистрация охрана труд рабочий место	2
журнал учение тренировка антитеррористический безопасность	2
журнал учёт проведение тренировка эвакуация случай пожар	2
журнал учёт инструктаж действие чс	2
журнал учёт тренировка антитеррор пожарный безопасность	2
журнал инструктаж пожарный безопасность	2
журнал инструктаж охрана труд с сторонний организация	2
журнал инструктаж действие чс	2
журнал инструктаж антитеррор эвакуация	2
журнал проведение учение антитеррористический защищённость	2
журнал проведение тренировка эвакуация случай пожар	2
журнал проведение тренировка антитеррористический безопасность	2
журнал регистрация вводный противопожарный инструктаж	2
журнал регистрация вводный инструктаж го чс	2
журнал проведение противопожарный тренировка срок хранение	2
журнал проведение тренировочный эвакуация антитеррор	2
журнал проведение противопожарный тренировка	2
журнал проведение тренировка антитеррор	2
журнал повторный инструктаж охрана труд	2
журнал регистрация вводный инструктаж	2
журнал регистрация внеплановый инструктаж охрана труд	2
журнал инструктаж антитеррористический безопасность образовательный	2
журнал инструктаж действие чрезвычайный ситуация	2
журнал ознакомление инструкция охрана труд	2
журнал учёт антитеррор пожарный безопасность	2
журнал учёт вводный инструктаж охрана труд	2
журнал учение тренировка антитеррористический безопасность образовательный	2
журнал учёт инструктаж антитеррор	2
журнал регистрация несчастный случай производство	2
журнал регистрация первичный инструктаж охрана труд	2
журнал регистрация пожарный безопасность	2
журнал регистрация занятие пожарный безопасность	2
журнал регистрация инструктаж антитеррористический защищённость	2
журнал регистрация инструкция мера противопожарный безопасность	2
журнал регистрация инструкция охрана труд	2
журнал регистрация инструктаж охрана труд работник сторонний организация	2
журнал регистрация инструктаж пожарный безопасность	2
журнал регистрация протокол охрана труд	2
журнал регистрация проведение инструктаж охрана труд рабочий место первичный повторный внеплановый	2
журнал вводный инструктаж чс	2
журнал ведение техника безопасность	2
форма журнал регистрация вводный инструктаж	2
форма журнал инструктаж рабочий место	2
образец журнал противопожарный инструктаж	2
образец журнал проведение противопожарный тренировка	2
образец журнал регистрация инструктаж охрана труд работник сторонний организация	2
образец журнал тренировка персонал эвакуация пожар	2
образец журнал тренировка персонал эвакуация пожар кдц	2
образец заполнение журнал учёт противоаварийный противопожарный тренировка теплопункт	2
образец заполнение журнал учёт противоаварийный противопожарный тренировка	2
журнал учёт пожарный инструктаж	2
журнал учёт тренировка антитеррор	2
журнал учёт тренировка эвакуация человек пожар гбук гамма	2
журнал учёт проведение инструктаж пожарный безопасность	2
журнал учёт проверка охрана труд	2
приказ фнс россия 30 11 2022 ед 7 8 1134	1
приказ фнс россия 18 10 2023 n ед 7 11 755	1
пункт 48 часть 1 статья 12 федеральный закон 04 05 2011 99 фз лицензирование отдельный вид деятельностипостановление правительство рф 30 август 2017 1042	1
пункт 48 часть 1 статья 12 федеральный закон 04 05 2011 99 фз лицензирование отдельный вид деятельностипостановление правительство рф 30 август 2017 1042 постановление	1
приказ ф так 9а	1
приказ ф так 9	1
приказ федеральный служба надзор сфера образование наука 4 август 2023 n 1493 утверждение требование структура официальный сайт образовательный организация	1
приказ федеральный служба надзор сфера образование наука 14 08 2020 n 831 утверждение требование структура официальный сайт образовательный организация	1
профессиональный стандарт утвердить приказ минтруд рф 22 09 2021 652н	1
профессиональный стандарт 40 054 приказ минтруд 22 04 2021 274н	1
255 фз 14 07 2022	1
22 фз 26 22 2024	1
68 фз 26 03 2022	1
123 фз 14 07 2022	1
266 фз 14 07 2022	1
закон 255 фз 14 07 2022	1
постановление правительство нижегородский область 434 30 06 2014	1
постановление правительство нижегородский область 484	1
постановление правительство нижегородский область 4846	1
постановление правительство нижегородский область 468 15 октябрь 2008 год	1
постановление правительство нижегородский область 25 03 2011 208	1
постановление правительство нижегородский область 15 10 2008 468	1
приказ минкультуры россия министерство культура рф 27 апрель 2018 602 утверждение типовой отраслевой норма труд работа выполнять организация исполнительский искусство	1
приказ минкультуры россия 30 12 2015 3448 утверждение типовой отраслевой норма труд работа выполнять культурно досуговый учреждение другой организация культурно досуговый	1
37 приказ министерство культура российский федерация 30 12 2015 3448 утверждение типовой отраслевой норма труд работа выполнять культурно досуговый учреждение другой организация	1
приказ минкультуры россия 27 04 2018 n 602 утверждение типовой отраслевой норма труд работа выполнять организация исполнительский искусство зарегистрировать минюст россия	1
приказ министерство культура российский федерация 30 12 2015 3448 утверждение типовой отраслевой норма труд работа выполнять культурно досуговый учреждение другой организация	1
приказ министерство культура российский федерация 30 12 2015 3448 утверждение типовой отраслевой норма труд работа выполнять культурно досуговый учреждение другой	1
федеральный закон рф 21 декабрь 1994 69 фз пожарный безопасность	1
69 фз 21 12 1994 пожарный безопасность	1
закон пожарный безопасность 69	1
федеральный закон 21 декабрь 1994 69 фз пожарный безопасность	1
федеральный закон 21 12 1994 69 фз пожарный безопасность	1
федеральный закон 69 фз пожарный безопасность	1
указ президент рф 05 05 1992 431 изм 25 02 2003	1
указ президент 30 12 1995 1341	1
указ президент 06 03 1997 188	1
указ президент российский федерация 2 октябрь 1992 n 1157	1
указ президент рф 05 05 1992 год 431	1
указ президент рф 14 08 1992 890	1
приказ минздравсоцразвития 29 05 2008 247н	1
минздравсоцразвития 05 03 2011 169н	1
приказ минздравсоцразвития 30 03 2011 251н	1
приказ минздравсоцразвития 14 03 2008 121н	1
приказ минздравсоцразвития 31 08 2007 570н	1
приказ минздравсоцразвития рф 29 05 2008 n 247н	1
приложение приказ министерство здравоохранение социальный развитие рф 30 март 2011 n 251н	1
приказ министерство здравоохранение социальный развитие российский федерация 29 05 2008 247н	1
приказ министерство здравоохранение социальный развитие рф 121н 14 март 2008	1
приказ министерство здравоохранение социальный развитие рф 26 08 2010 121н	1
приказ минздравсоцразвития 570 2007	1
приказ минздравсоцразвития россия 14 март 2008 год 121н	1
приказ министерство здравоохранение 247н 29 05 2008	1
приказ министерство здравоохранение 30 03 2011 251н	1
приказ министерство здравоохранение социальный развитие 251н 30 03 2011	1
приказ минздравсоцразвития 29 12 2007 818	1
приложение приказ министерство здравоохранение социальный развитие российский федерация 26 август 2010 n 761н	1
министерство здравоохранение социальный развитие российский федерация приказ 29 май 2008 247н	1
министерство здравоохранение социальный развитие российский федерация приказ 31 август 2007 570	1
приказ министерство здравоохранение социальный развитие российский федерация 14 03 2008 121н	1
приказ министерство здравоохранение социальный развитие 822 29 12 2007	1
приказ министерство здравоохранение социальный развитие 818 29 12 2007	1
приказ министерство здравоохранение социальный развитие 251н 30 03 2011 г	1
приказ министерство здравоохранение социальный развитие 247н 29 05 2008	1
приказ министерство здравоохранение социальный развитие российский федерация 20 апрель 2006 297	1
приказ министерство здравоохранение соцразвитие 26 08 2010 761	1
приказ министерство здравоохранение социальный развитие рф 30 март 2011 n 251н	1
приказ министерство здравоохранение социальный развитие рф 26 08 2010 761н	1
приказ министерство здравоохранение социальный развитие рф 26 08 2010 761	1
приказ министерство здравоохранение социальный развитие рф 14 03 2008 121н	1
приказ министерство здравоохранение социальный развитие российский федерация 31 08 2007 570	1
приказ министерство здравоохранение социальный развитие российский федерация 30 март 2011 год 251 н	1
приказ минздравсоцразвития 15 08 2011 916н	1
приказ минздравсоцразвития 14 12 2010 1104	1
приказ минздравсоцразвития 169н 05 03 2011	1
приказ минздравсоцразвития рф 29 05 2008 247н	1
приказ минздравсоцразвития рф 01 10 2008 54н	1
приказ минздравсоцразвития россия 30 март 2011 n 251н	1
приказ минздравсоцразвития россия 30 март 2011 251н	1
приказ минздравсоцразвития россия 17 05 2012 559н	1
приказ минздравсоцразвития россия 12 апрель 2011 год 302н	1
приказ мина здравоохранение социальный развитие рф 26 08 2010 761	1
приказ мина здравоохранение 26 08 2010 761	1
приказ минздрав 251н 30 03 2011	1
п 12 ч 10 раздел 4 приказ 402 16 11 2012	1
п 3 12 приказ минэкономразвития россия 02 10 2013 n 56	1
п 2 3 приказ 14 06 2022 484 пр	1
п 2 приказ 19н	1
приказ 499 16 09 2020	1
приказ 499 01 07 2013	1
приказ 492 10 11 1998	1
приказ 486 22 09 2020	1
приказ 467 20 02 2016	1
приказ 467 22 02 2016	1
приказ 45 физический охрана	1
приказ 45 росгвардия 20 02 2023 расчёт нмцк	1
приказ 45 пультовый охрана	1
приказ 45 15 02 2021	1
приказ 44 фз проведение закупка обязательный	1
приказ 5 февраль 2019 n 37	1
приказ 5 февраль 2019 37	1
приказ 61н письмо минфин 20 11 2023	1
приказ 61н акт приёмка	1
приказ 617 один предложить российский второй китай	1
приказ 61 н работать	1
приказ 6 июнь 2016 n 399 пр	1
приказ 59 20 02 2020	1
приказ 58 16 декабрь 2016	1
приказ 57 21 01 2011	1
приказ 567 утверждение методической рекомендации	1
приказ 567 когда утратить сила	1
приказ 558 14 09 2020	1
приказ 558 14 09 2022	1
приказ 554 08 10 2018	1
приказ 545 05 10 2020	1
приказ 54 нп 16 11 2023 г	1
приказ 52 н минфин	1
приказ 514н проведение медицинский	1
приказ 44 фз комиссия срок размещение контракт еис 01 04 2024	1
приказ 340 пр 15 май 2023	1
приказ 336 пр график оплаты	1
приказ 336 пр 05 июнь 2018	1
приказ 331 мчс рф	1
приказ 330 05 08 2003	1
приказ 329н 19 06 2009	1
приказ 32 01 04 105	1
приказ 315 1132 22п ода	1
приказ 312 мз ак	1
приказ 31 июль 2020 год n 282	1
приказ 30 12 2019 191	1
приказ 30 12 2019 1148	1
приказ 3 нп 28 февраль 2017	1
приказ 2жкк 74 28 11 2022	1
приказ 29н 28 01 2021	1
приказ 28 февраль 2018 477	1
приказ 28 февраль 2018 n 477	1
приказ 28 июнь 2023 70 01 77 23	1
приказ 28 12 2013 442 фз	1
приказ 63 16 09 2010	1
приказ 351 20 10 2021	1
приказ 44 фз комиссия критерий конкурс 223 фз	1
приказ 44 фз комиссия бумага	1
приказ 421 04 08 2020 минстрой	1
приказ 413 07 10 2020	1
приказ 408 2023 архив	1
приказ 402 классификация вида работ	1
приказ 400 э 23 12 2004	1
приказ 39н глава 4	1
приказ 390 02 06 2022	1
приказ 388н 20 06 2013	1
приказ 662 20 июнь 2002	1
приказ ростехнадзор 29 06 2020 n 248	1
приказ ростехнадзор 9 декабрь 2020 512	1
приказ ростехнадзор 19 03 2021 n 104	1
приказ ростехнадзор 500 28 июль 2016	1
приказ ростехнадзор 500 07 декабрь 2020	1
приказ ростехнадзор 31 06 2007 522	1
приказ ростехнадзор 29 11 2022 n 417	1
приказ ростехнадзор 9 сентябрь 2015 год n 355	1
приказ ростехнадзор 06 12 2007 n 830	1
приказ ростехнадзор 11 09 2017 n 363	1
приказ ростехнадзор 11 12 2017 n 534	1
приказ ростехнадзор 17 07 2008 n 501	1
приказ ростехнадзор 17 07 2008 n 502	1
приказ ростехнадзор 29 12 2008 n 1042	1
приказ ростехнадзор 30 03 2009 n 204	1
приказ ростехнадзор 30 03 2009 n 205	1
приказ ростехнадзор 37 29 01 2007	1
приказ ростехнадзор 624 26 06 2006	1
приказ ростехнадзор 29 12 2007 n 923	1
приказ ростехнадзор 22 11 2004 n 253	1
приказ ростехнадзор 21 12 2017 n 559	1
приказ ростехнадзор 22 11 2004 n 197	1
приказ ростехнадзор 22 11 2004 n 202	1
приказ ростехнадзор 22 11 2004 n 205	1
приказ ростехнадзор 22 11 2004 n 241	1
приказ ростехнадзор 24 06 2008 n 442	1
приказ ростехнадзор 29 05 2007 n 369	1
приказ ростехнадзор 26 12 2014 n 617	1
приказ ростехнадзор 27 01 2009 n 26	1
приказ ростехнадзор 27 03 2009 n 199	1
приказ ростехнадзор 28 12 2007 n 911	1
снип 12 03 2001	1
снип 3 05 01 85	1
снип 12 01 2004	1
снип 3 03 01 87	1
снип 31 06 2009	1
снип 2 07 01 89	1
снип 3 01 03 84	1
снип 2 04 01 85 актуализировать редакцию сп 30 13330 2012	1
снип 12 04 2002	1
снип 2 04 07 86	1
3 снип 3 01 01 85	1
снип 12 03 01	1
снип 3 05 07 85	1
снип 3 05 06 85	1
снип 3 04 01 87	1
снип 21 01 97	1
снип 23 01 99	1
снип 3 05 03 85 строительные нормы	1
снип 3 05 02 88 правила газоснабжения	1
снип 3 02 01 87	1
снип 3 01 04 87	1
снип 41 02 2003	1
снип 41 01 2023	1
снип 2 01 57 85	1
снип 2 01 07 85	1
снип 120 03 2001	1
снип 12 136 2002	1
снип 2012 03 2001	1
